{"cameraMode":{"drawMode":0,"name":"Shaded","section":"Shading Mode"},"sceneLighting":true,"audioPlay":false,"sceneViewState":{"showFog":false,"showMaterialUpdate":false,"showSkybox":true,"showFlares":true,"showImageEffects":true,"showParticleSystems":true},"in2DMode":false,"pivot":{"x":-0.014179229736328125,"y":0.06575188040733338,"z":-2.000025749206543},"rotation":{"x":0.5674697160720825,"y":-0.30218401551246645,"z":0.23525390028953553,"w":0.7289166450500488},"size":3.3055810928344728,"orthographic":false}